nkzjrdqrmpztpqninetwofour1znnkd, 91
s5sevenxrdfr4mhpstgbjcfqckronesix, 56
3four4, 34
sfdrtpvspsixsn5zbqmggb8vgkjseight, 68
72666gxzflnsfqmndjdscvqmcqls5, 75
hvqgbssr46four1cdcjxcdcp, 41
zpjvvcbeightthree1bcnvjzbnqseven, 87
jqbjxdkkveightrtktnsr92sevenmztdg, 87
three3ninefive, 35
twosevennnine6467, 27
fjrzk9rfpqtbrc1bzfclczqxq, 91
ninegkftwo29seven, 97
eightone7threenl7mtxbmkpkzqzljrdk, 87
twothree6vpnvvnshn, 26
vvhtbjjrr6xghmzf, 66
bfjtdslkdbthree4jvvonezqdthreesrghnnbsix, 36
kkbhh5fivepvhzhdsvxvnkrn4, 54
4qsqr235twogl21, 41
v2seventhreezjfour6, 26
38gfqdpkfhdonespqbckbgkkzhgnbqgslkhfl7, 37
dtwoneeight6llzcxssgrdfjmjvfbvtwo9, 29
sixsixgnpprvjdkgvqmr1, 61
7sqthfchpjklpn, 77
foureight7hl111rznjfh, 41
9six2threefiversbsc, 95
8six1ninezjsix, 86
6threezjmclknqcztwocfiveninextpdq1, 61
gsdsr2seven51, 21
vtgdx5, 55
bkmsrzq71vtkrmjqcvfourheight, 78
eightnine9six, 86
85mklcmpx1, 81
six3four, 64
five5hqbppzmszhzthmh1, 51
2ctfonekpns, 21
llljztzffjlsktwogsjgbzvsp8ninefourg, 24
4rplhrnglj7oned35, 45
sevenqnlbrpgone7, 77
bcmvrhbgfourcrgxrseven4eight1ptmfzhpqcnine, 49
rkqztsqj2cjfsbrvcmrsixhgbhdone, 21
two2zfrcfhsl, 22
fourfournxdsfx6eightnine9, 49
v4ninecdtwohxmpj, 42
2378hcrs, 28
shhbgk74sevenrzknghzsk, 77
4sevendeight2, 42
bvjdfthreefive4pfxfvcxc6seven4zjkxdtcjr, 34
2seven4three239kmjzfhbgxxmqv, 29
sixfourd7, 67
hxkkdnjkbmftmone1npmqbnx, 11
rsxvqjbqx2bzprkml2, 22
8twothree8dzqbrvdx5, 85
xqm9, 99
6six8dnfbs9qlxkfrcrckmfrjgcxg, 69
822, 82
eightmbhfrxztcgqbfj6threetwo, 82
five8grcllvz, 58
oneninefive2klzgbdvvjbgnxkrp, 12
3bvlpmmltpr9zpxmbgslfhgtmtx, 39
16439, 19
5lglzqf2sgvshzjdmpzxldnkgzlrbvvmfsk, 52
four4rjrkzvfive2cfl7fourfive, 45
eightv59six7zrczcnkfivejpqxx, 85
hzgrkrbmjmzhpfkfgg5, 55
5rjvdsfourtwo8, 58
938cmftxkv8sixseven, 97
973threenjtl4two5, 95
4r9gpfmjnseven, 47
threesixmmbkxpm7six69v, 39
two369j, 29
5964fttlsfhjk, 54
14ppncqfoureighttwo8nnktcn, 18
3gdfclsxmrfourcfznxqnceighttwo, 38
2cvtbpsbbhbzrxmp, 22
967, 97
2five7xrbfrpjdn6kkrdxt4cqfnhlkl, 24
vtpbxjl3, 33
sixprfsqseightsevendonerxmphzl6cgtpgbgtjs, 66
32ninethree, 33
59hngnqrmqjbbtrtrzplg, 59
sevenone39sixsix41, 71
feightwo5, 85
8sixsixrcbvkllpjsnbcnvvsktwo7one, 81
2fourleightdsvskbpmlfour, 24
cdfkddlnine34frsshqsevensevenfourqf, 94
89clszfjqlffive5s, 85
1tdjxtz723zkhptcxnine, 19
czt7hkjdbpkpdvfourthree4cfmqhxfcxz6, 76
76twohglrflhmmqkxrpfszpxhjs56, 76
4sixpfv, 46
fivetqbfjxsjzp7, 57
fiveh4one9qkgnqf, 59
6czjmgdlckr6sevenonegvtpmgz6, 66
52one, 51
four53twofivefivethree7, 47
four69sevenjkfqnhqlfkcnfive, 45
kpxr4nxcmjcv21599, 49
1mvgdm7xxnqzptrphg, 17
onezmhzdlqczk82eight, 18
94599twonine, 99
four9nine, 49
plbrvdlmfjqeight329nine, 89
8dhpq2bztlqctgzqhkqtlphnkrgpdmtwoeight, 88
eightddscnrvshonexntjctspnnsix1, 81
hxjhsc4fivexcbjbsix, 46
863, 83
nine95fivethreer6, 96
two7tcnzbbqnfr427, 27
threethreeeightzvfsznine5eight7, 37
crvhlfone7xsqhkshpsix2nine73oneighttq, 18
qcqzrfgninejkrnbdg9two7zbsglmznkjseven4, 94
nqvskpgnlk1fourrhnzrf4, 14
4nhvxsstxvtndbpmntpkmeight6, 46
3fivenine18, 38
rloneight124, 14
xrzk8nine, 89
lzhpftwo3qqzkjhxjdt, 23
8nine6, 86
8fgxllqqpcffive29jfdpf, 89
sixnine57shvscktg46, 66
nineqjznjltskmq98mfour, 94
nine9gzglcmhccnone, 91
66trvcdsnzn, 66
onevzsznhrvxmpkpxgfourfphttxc2, 12
pfkcvxgmjfournine4cjtpqbsnsixgctm2, 42
3nj7fivegmgbbfrhf, 35
9two479sevenn7fqjk, 97
three4193, 33
622eight9gncbvhjvglgmb, 69
fvbsmrrxmjthree43, 33
3cpn4xk, 34
7five6six814nineoneightqbb, 78
mxc91eight, 98
mpbxhspkfgslgptm6, 66
fpfkn7dbpsjxksnk6xkqkfhthree, 73
rl5flvbsbnqnfgggkq7, 57
lt4fivebvhtvld7ninetwohnplchrbvdmf, 42
one3dgvngvtwoeightonefivefive, 15
27sevenvkmqnmqtwochcchnpkeightrgcpdsvvrg, 28
rr985, 95
5csrtvjmjzs391sixtwonef, 51
ninepsdseven23, 93
four48eightfourtwo, 42
twothree4fivetwo4lxscf, 24
856twoqhsjtonebqrlkzqn1cd, 81
sxvd5t7, 57
prkjfourhpdpxlvlnmz6onetl1, 41
6one3cgxhd, 63
nzeightwofourmz4, 84
lfrnfdkgsixeight2hnlzksmjrsqjmvnmk, 62
4jddtplseven, 47
four7onefivenine16, 46
93qd9svlnnskq8eightthree, 98
bxsrknfournhqmqzjxmsix5nineb, 49
9eightfour, 94
five9jpzgnggzjpsk42dx, 52
9ht5bxqkdmxmbfonesix, 96
771f412n6, 76
tpxmjxd28onefrn9hnmztsmxsmctpdxjh, 29
mcmtzjcgmrlgqqrgvc53one9, 59
6sevensix637, 67
hp5fivetwohqnineeightonedxbdzzlnv, 51
twoone89, 29
2bsrxhzdsix8threefive7zv, 27
1sevenfivevjsixqhzlf35, 15
mcplj8fxzgcfivejstdjq, 85
8two9gvpqzplflhlkjbtvskcfsixthreeeight, 83
25five25s71four, 24
2one3eighteighteight, 28
ps75three6jxdb5, 75
35fourfivexxqkrbb, 35
35hjvkldnxhdtknflseven68pvtjt, 38
rxs5hvjcngzzmjzvthreej9gsxgfkbf, 59
87n239jclzrttkmx4, 84
four98nine, 49
eightsix3nine3pqgtwo, 82
4hbpqhgone3ncnine, 49
7pfgdmpsn1sixglfvt, 76
4khktqfqjdqssjpnhmtgffour7hzztx, 47
3n, 33
six9jhnloneightf, 68
1ksevensixzmrhsszlngfiveztbkqs, 15
foureightfhvrmq8three7, 47
frzmprnh6z, 66
1fck1ngpninetdpninefive, 15
9hgfivegtnxfsptpgvmqjrxp, 95
9nine8ktxtnrlfourvhrseven52, 92
fiveeightjjqninetwoseven3, 53
7pbmll4two, 72
sevenlsvddqsixsixbkmtx9njqf1nine, 79
h28rtrjz8dctpxdnh, 28
two12fjonenineszxmj, 29
seven49ltnsm, 79
jqsix6two, 62
54sixhxzkbh, 56
kg2msbkrtltwo9, 29
8xplcnjxfthreeeightthree, 83
vdxvvtone81one2, 12
93five36nine5pcbsfr4, 94
fourfour3six7tj7hgdms, 47
4dnlcnlxlhzblvkjhzpt95fiveggkv, 45
48four8, 48
tf71pkcknhlnxhrthreetwo, 72
7sixsevenm, 77
hgtkrfcf9, 99
jlzxqbsix4qsixtzrg, 66
1mfqldeightonethreeonetwo, 12
2eight2bvrltnrthree81fouroneightjfc, 28
4b4nbtvcnczgpdvqpjqfqstzvctkxneightsgtmm, 48
ninexxcmnhjgs8eightone86, 96
7eightfiveeightfoursixthreernhsvc, 73
five9vnnqjjklveight2six632, 52
four4qksevennine, 47
threesixfiveqfive3, 33
8eight8eight4srcc6seven, 87
four13onenineffhhdsmkmq6, 46
2eightghhrz4gqbsgqz2sevenfour, 24
pnrsdbmbthsix5hrpfrqkdfgone, 61
xsix1tctsixtwonevz, 61
84qhpkmbjnsb2sevengonetwoppgqxtn, 82
96223, 93
9bk, 99
zggvthree2nineklhzrltwocxtkgbdt, 32
dxbpjgoneqhrmqqmpdcfl31, 11
9ph8gtzxkzjqmvmfk, 98
lqg6, 66
five83sevensix3nine, 59
nine1three, 93
15eight131blnjkteightworr, 12
xgdmcrgfkqeightsevensevenflzvzcss1, 81
86nine5four, 84
1six5bsl4, 14
nrkkzhktjz77threetvmrklnhvfqkfqgbczlr, 73
xpdbfhpxns6zcsphqdtt34nqp, 64
8twoeight552mgvtxcf, 82
9threethreetwovrzkcgzhthreetwo, 92
6onexjcxschzgb3468, 68
7hxtwo, 72
fzxmfkhbzsprgbx97vxlzzrkn, 97
ninexdvvnseven4, 94
eight8fourfoureighttwo7hpvmjfdgcjcrp, 87
5lqdlzqcqzmtgdfrpg6xbtgn, 56
4rphgjktmf4, 44
84threekclvc1twonine, 89
2tfsmnzh3qxpcknskhdjhfppc, 23
7rjzbvjjfmbfivesevenvlrgxxdvk, 77
5tzseven8, 58
37rssqhthreesevenone, 31
rdfivebtsbtrqmqm6, 56
9nine9fourzr4n2, 92
54kddhldrdvdxggxpkeight2, 52
five4lgtgpcrj, 54
8gdqbjxdfsf, 88
five4ttz, 54
8fourjrjvdhnpclgjc, 84
957five, 95
3fiveseven, 37
xhkmsrdrxvqshclfdlninebvjzsgfrmlkxlfour91, 91
9eight1one9oneshm, 91
sixctmfxcpxvxlkcpr3threeoneh, 61
3nine7two, 32
mmthreecstffvvqx8vbmlmpkxsm, 38
djlxhn48gvs, 48
kpkpx1onenine, 19
67two75nine5twotczxddjz, 62
mtstwone8, 28
cjfzmrjfk2jzlnqcffsevenfivethreeseven, 27
ckqqbeight9tk, 89
5threetwo9, 59
4ninesix, 46
8rvvrsxcbjxgtcczcrcnhx1, 81
sixnine67gzlcqbvn9six, 66
six7fourthree9, 69
ghpsh6mtfcxjfbqsdzmzqjssix2zkjrrhrd, 62
5ninefive, 55
fourseven5, 45
7onepmgddpngxseven1, 71
kcbzf9, 99
mqgoneightgrhp82, 12
fgnsfour7two, 42
tc2nnrqmtpqqxfour6, 26
twofour6eightseven8tworccql, 22
two72scpqmfdvone, 21
41four87fivefoursix7, 47
ninetvpgphtp27jxxnjtqdlqtjpfnsix, 96
97vrbqtrfgjmrrhrshzr, 97
2fgbrbzmv5one4fivefive1eight, 28
lb65xfdkjfivegcgrr, 65
5ffpxzhzcnmzdtsix, 56
jhhklldghbrlpjklpkmmjmfourxmlqhfg2jxzxbqxhdtwo, 42
38fivetxvlqfrkhsztlpp2nine, 39
9hfftvfnggg6vvrmkkfour5ninesrt, 99
rhf9oneninekhkbnmj8one, 91
6fourthreethreelfqvf, 63
mjlxz7threeszjsbrmbkfourfiveqskmcjzjseven, 77
119onethree, 13
72seven, 77
6817, 67
4fourfive6eight396, 46
clldsntn4oneseven2cdbknxbcxjszkv, 42
sevennine8, 78
7fournrzsh, 74
six4cbptcrqrxvbd, 64
9fourggbtccdmlfrbhgggmdfhfivejddmqvdtwo, 92
39tpskfourjddhhtglsninefour, 34
gpxqnqhvmpone5bhllnseven, 17
kkjfsmtcjvg6tdfngq, 66
nine4bdvttt5652, 92
9szdqjl68seven12, 92
poneightone6, 16
2sh5jmgmqbxsix, 26
kfqkdtrnzfivethreezmbpz1kgddhhqxxq, 51
6mnkjfszdtdqfive5one, 61
ggqnz9jrpvnszftwodntslxcxcthreetwo, 92
four7two89nine, 49
132twofour, 14
bghnineqfourjq5, 95
seven58tbqhgl961, 71
threeznrcdmjx8, 38
one692, 12
9one66grqbdpthhrf19pv, 99
three9threefivefive, 35
8dqgrchqkdbcnxrzfour, 84
grqvzbsdone119, 19
glhdzhlgnjkkxtwo9eightwosqs, 22
three4five4, 34
5phtwofive1kghbsthsmntwossztnh, 52
7nvfsdjgclhone6ninexxlvvhlnvkdhkqgnk, 79
5nhqd, 55
vcxmllvgr6bnbssblhvhxx, 66
ctgcmpthlqzjrdbgjhhlqsnklbxqgsgckvcbhd46eight, 48
qrqone93mqnfhhxkfivegzv, 15
foursixfivecsvpxqbct7threelrgbxz, 43
qbbcdvcg75mkcnpsrtnxthree3qvbhgrmctk, 73
hcspgtmxczhclq78onenine, 79
8oneninefourvfthrhthree, 83
4jmhrthvjxljpvp, 44
three17two, 32
xhtwonepxntwogpqxgfxqkvrh7seven, 27
one28fivesixthreeseventhree, 13
one6two5twoeight, 18
five8nkfhnxlg, 58
vzronefivegnzhjsjftzone8three, 13
3c4, 34
8two88thfsth3213, 83
kdpckz7hfzrqs97kdt, 77
399, 39
tpzv4seven, 47
zxjpsfive4dp19, 59
491qjcsn9pxkbpf5lkzjmjr, 45
sspbvqtp6oneqnnfive, 65
96mmbs, 96
sixsrvxrdl8vlqcpfourhjkjk, 64
clggtwo2, 22
6lrpf4, 64
rhgpskfkbdsxm3jpqs, 33
one8two3, 13
six776, 66
csksfour8five6nine1, 41
7zlpmzplh4, 74
twofour2flrdhfh, 22
cvrnvjzdgjglfmshmjfknhrbfouronescvcxdvczg66mfhnbgks, 46
two26, 26
2two4, 24
sgsxnnxxjdhfxhneight31vpjr8sf, 88
nrjkbbdzkkgtxcsdkc5, 55
9trlgrcbrhhzjkzhrrlgknthreefgmxvceight, 98
lkbmq53sevenninetwo53rx, 53
bxhtwo4fiverxdrone, 21
qxbxndzzrlone941rleightkqfdvdps, 18
7189fivezx, 75
bqmfctlfr5vfjzkpcbzgoneseventwohmnzgzpthree, 53
krbxccqsmlfour4, 44
threetwoninefbvs1thldjh8, 38
brzpkk2zvbpfzthree4hlhfbtchpl8fivenine, 29
9jxjflpcpb, 99
5sxcjjq977zzxjhfcsgthreeeight, 53
61sevenseven9gbgnh, 69
36vchhqdqppmcnsjmjjtffour, 36
27rkbpslsg8d, 28
57twofivefive56, 56
zq984, 94
xktwo83six7sevenghvsgjnhvjone, 21
nineeightmzhp785hphfive, 95
fourdkkqztwo5sixthreepjlkvgmponefive, 45
two4hjhtsxvpd5t, 25
sevendsjdkpxpqhrjdd43pblvslgtb, 73
4jzkklthree34tltfvh, 44
6three85szgdcqjdbnone7, 67
5seven9vlxgvpsixtdxssnlnsj991, 51
ninefourjlvvnhzkdvpxphxthreeone37sxcfc, 97
24sevenninenhgbhnine68, 28
tvdfcmjfqmjpsq3zxjlhpb49, 39
qbxgkrb9426, 96
462threeeight5reight, 48
15threeeight9rnllzhrhttbsix, 16
qdjlvdvmqsl1jpscsix, 16
6four579qmfbcvhq, 69
8m38, 88
2bgng5shfdzdczbvjtjlxseven3, 23
cgfsgqeightkvkjgpllcnzmfive264, 84
vdrrfnlxpfgfcmxqrcgn1qrgppzxfhtdnhgrvcdvfcnine, 19
8four45xqqpbjb11eight, 88
76txvbjngrbmmjssztpchrvxn7, 77
9hjvbzxsmszc1xninefour, 94
4fourthreevtxqmhpgxvtxflt, 43
7threetndgrtbzheight63sd, 73
two8kmrlvxvqlzsixgtbbtpg65fpj, 25
jfkkr5423bbqgbqzdhqrfive, 55
fourvbhsl393, 43
3kfctvlns264, 34
onejvcljdgxlkqbzxkthreesevenfive4, 14
htgsddp487stjmxcgsix, 46
six3five53fourone, 61
rvkzbqp9lcpqbdnqqjfppv3, 93
onefivethree2tldqjxmrks1nine, 19
blccqs1, 11
three9mtthmnzhlhzk7hrkplfpqq2four, 34
lcrcrxvzqp3eightfour9, 39
mqmvfffour13, 43
431, 41
75five, 75
7zjmdrqmsbz65476, 76
9gvsix28, 98
kzcqqmfdf8two1gqsevenjrqpvpzh, 87
47hsckckcxtnbdrbk4ninefive, 45
8rpshgfxv929vsfmlqsl3six, 86
pnqmreightfmcffive9seven1, 81
9ninesix, 96
seveneight987, 77
sixnine1cfltxqcthcqptwosdkfl, 62
zktfqvfsevensxmdrthree8xrdkglj, 78
three681t7, 37
fmfr3five1fivedmngqmtrs, 35
tmx38sixksmfzrkrtn, 36
ninenine18, 98
4sclfsrfive73fivejprvmzhvlp, 45
eight38, 88
xxvgxdnxzk8xdpcjfkqjrrrfn7j, 87
ffrjtvntsix2rhxkkpbtpnkdttbhx1, 61
516sevenseven9jpdklpfn1, 51
4dbsfcvgvmlppgs4chzxpvqfqdfvmqvfsmdvz, 44
vtlgqsdj6three5two8k, 68
65fivelrdtcsixtwoneql, 61
4twoeight77two, 42
8nine1r5, 85
six4nz61qxrgr8v4, 64
3341, 31
kksh2, 22
twofourfourz144, 24
eightfourtfnhmz23vr, 83
seven11qxnhdkczvlfour, 74
nineqdgkxjdjrdh1lcsv, 91
one4sixfszjddf6stmmhfkds1, 11
sixcd39ttsfctrt2xl2, 62
xzbqhlqv6h4, 64
tvtwonepfcssknlqm8two9eighttwo4, 24
vgmpkdvsdnvsjfbtwo6ninesevensdrlbqqrzg, 27
5788one4seven, 57
five5rccbvbk3ccgnzn34, 54
9dr35sevennine, 97
2xmrsvlkfour1tmszk, 21
oneeight4two1scdhclbllljhxkq, 11
5pffnxjvxcrmdzffm, 55
fivesixjfive7eight2cpjklvqsix, 56
1gfvcnssixnpqpsh7gjcppxpntwo, 12
xsfbzkkz3zvh, 33
2184ninesevenfour, 24
3g7xxzzghflvghnm4, 34
twoonefive87mjsqmqddhvlz3one, 21
two1nxhfgrsixdnone8one, 21
twonrrrldn615kdclqjveight7two, 22
6eightqmrgrbp63, 63
tmthreetwobnbccjxgpz7, 37
8ninerseven721v, 81
twoqdjpssix75tonetwothree, 23
3khjkhbgzdgjqvvnrchqtg63vjt5, 35
hbqlreight18, 88
mkthreefoureightfive2tnccxvltm, 32
threefive195, 35
7ln, 77
8fourfoursixrvcthreeldzfxjj, 83
7rjbdptnllcbdqncsfq, 77
1ftfffctrz7four4nine7, 17
3onefourzdtnrmpgpfjtdl3, 33
sixkzkcg43eightwocs, 62
7fivetwo9nineseven, 77
fivetnqzktdvd72qxpfbftwo, 52
2fiveqxghjglggxfour55kcfdbdnine, 29
ninegsd6bvpdctspbmmnvdfdqfiveone, 91
nineone1lmkb, 91
lpdqbmsfive6ninenkggzxsf, 59
z7six4ltdsevennine, 77
2591fbqs7, 27
1sevenninesix1, 11
3fbpxseveneight2, 32
sixhtgmvdmxnt85cvdrlftlvtjlv262, 62
foursbqmqfxzvtwoflzxjfphf9nine, 49
twotsszxmtmvvdldqcdkvbtd7one, 21
1fiveeight, 15
4threekqgzcnssq5rjt1one33, 43
twotwo8ljtnjnslhldgpfftkqdgdvtpj, 28
eightsevenxqddfsgsevenhgfls4cxsspvvbsjfour, 84
mzrrblkmhq4tkkjgprjjmrlngpfourbzpqmjlbrtgmqgcxdr, 44
6ctdtqxnfxqpn, 66
1mkrznchsmdthreeclldtmmnjgdsnineqn6, 16
53, 53
eighttwoxlsjdxxfive1, 81
4fourlgszccvnjhmzflflhnsrpm, 44
6pnfour, 64
2fivetwo67cjcqseven, 27
fourfivehrkmpcnmg5, 45
24kjbttvj, 24
fivekjsvjqvrcd4, 54
sixbmphnpgtsvlxpq9three872nmz, 62
836eight, 88
czbrlmnlcts9three499, 99
72four, 74
gxsg311, 31
jbfqmr33twofchnkshsjr81, 31
93snktwo, 92
seven1mcxqjnsqxpngpsix5vjpgqxbmsix, 76
d1srlmseven65, 15
pjnbc6twommxvninebmgqkpsixthree, 63
dgfnrldfdeighttwoxvvpgtzkhftjjh6, 86
sixxgnnvtgbnn6seven, 67
jjd2pjjps9, 29
8nntpzmlvknl3bsixseven8fbkhvk, 88
hmcj9seven3, 93
gxqfdjgft7four8seven5, 75
csgjjk6xbq4mnhmsix3nlstqqfpxtvfoneightvk, 68
vzeight4rxfggcm17, 87
9eight2sevenfour3dqcxllvtf, 93
24npbrhgonefour7, 27
4two2qcxkvdk, 42
pvgksfone72foureight, 18
5mkfpmsvmsqfhxnzhjsqrrb8tlb, 58
onetwofour4sjgfnjfq9nrbvtwotwo, 12
hgkszdcrtchgnmkzmhnone3hdlnd, 13
8fncxdpsix54sixkcbbl9one, 81
vdfrczbnfhtwosrqckt9two, 22
six17tworrlsqh7nineseventhree, 63
g7six, 76
lpl8three65hblm, 85
89eight1, 81
2ninegnrqqdgvfsfive, 25
5five34vbvbdsix3pbbvxxdrc, 53
txkclxnfivexcrgvln27sevenshrrjlf, 57
onefour47two3sevenzsxpq, 17
glhrvvdr2, 22
six4fourpcvngrrndpthree8sixpdzbqcdd, 66
dfgkrkcr4eightthree8one, 41
qxlnf3eight76twofivetwoseven, 37
vvh6fivesix, 66
csppnxxdfg3, 33
four3lkjbcfdzbdcmcsqsdlnnh5, 45
7two74threedsdr8, 78
rxnrtbjzsixfour6b, 66
kchbtfvbnd3one237fivegjkghkkgd2, 32
two233ltdskthree, 23
3nine2gkbpnvninegmgqdgr, 39
3nhpnkl7, 37
threez6ninebghxmffrgkdhjbtwoseven, 37
fourllszfzxmf5threesixthree, 43
38ldqlmkdkg7cjqjpjdxbkzeight, 38
fivefivethreeone3vjtzzcrz, 53
rsbhdj76three, 73
sjkmgvhhgnsqzhsk4twotwonejf, 41
dcfqtcsccrvnptxrnbjdzgbmsixfourvrftknv95gztj, 65
8gxgbblnjsd2kzszrhqlxztbxbmsixfczqtzs, 86
vgbzfnccxvdsvgpkthreel26, 36
threeeight3four6sixone6six, 36
threenine1foursixhszppgjbv5, 35
sbkncfseven18qdvtssf17jn4, 74
phgbqgk9lstmfc8hxnfjhnstqbqztthreeeight, 98
gtb5seven, 57
theight2, 82
3khcnpfdmmbvld8dqckxbrqn1, 31
xvlfsnnbkxxs79rg99zfnzfmdjkpq, 79
xtseven5dtqbrstgl2, 72
eightfjzdpqcfive63rkgxstcspzpthree5, 85
three7qntkfbtjtwothree, 33
three7xgz5, 35
1gbzzmvpfgg, 11
3vhdztptqmb, 33
sptwonetwo2, 22
93eightfnqngzqneightkqvlzrfour7, 97
15fivethreefourqpblvgzncb5seven, 17
threethreefivenpsix53hnbv, 33
75fivenrsfmgzz26mtmzg4one, 71
9seven6631zrrjhx3, 93
1eightp1kxvmg, 11
tpkjbzglxhffpnftxz2h3nxxnzrnjrnine5four, 24
fivefivetbfnbvqsmmcfsqq69, 59
eightgvttxgjnmrpxvctthreetwo6jfrggjmrm, 86
twoone1threezdpmqthxf17oneightcj, 28
8oneone2fghmrrrpxdbmjqgnine3seven, 87
tjrjmtqlpone6oneqdmbchplflcxvlone, 11
nbck42sevenhtqvjzctmqzpnnqtjpmj, 47
foureighttwoseven525, 45
ninehhqszsixthreebbjdvkhxjdzthfzjqvx6nine, 99
onetnsckstxvlfour5onenine, 19
four5qskksqdvpl, 45
5nxpxjtfp, 55
bbeightwo8, 88
ninerdcninesix2four, 94
35kfivethreebgcpnslqh75two, 32
one8two, 12
4f8three, 43
seven6hmrqhbz72eight3, 73
nine5dphq, 95
clhcmnkkdjsixfour8fivethreebdrrgbs, 63
6fivesixxvnzdz1eight99, 69
fivesevenbeightsix8, 58
njzgflpxtr3drdkjqddtcsix, 36
6fivedpq, 65
zhdpsdpvpnvmxbh7, 77
tjx13vfsevenlqftrtthszmcfnl, 17
6foursevenk8sixeight, 68
seven9k, 79
nxkxfcjbp7five78, 78
79twofzttrkpbrgsixvpxbr, 76
gcvone98, 18
rd31threeeightnine, 39
jmveightwo9five, 85
eightfive94four576, 86
sevenz5oneightps, 78
ninezfsshxpl6rqpjdlzvfourlpqxb5rfprmvfrlsix, 96
nbxmtcs2, 22
eightsltgcjshndmtj2nine, 89
dfdtwonefour5six3z8gjdx7, 27
eighttwofive2, 82
tgj29nine5mzhckzhkrzfours, 24
5onebjtfourqtpnccz, 54
3lsevenonebpgfgonethreeeightwos, 32
99lqdd, 99
kslzrndhk5sevennine1sixlsfour5, 55
bnndeights741, 81
gbrkxx4six2eight, 48
9twoonenzdqrs, 92
shcbsvtstq8threesix9, 89
eightcjss8, 88
fivenine4qqnsqctcrkdhlm, 54
q6ninejsrmsixghvzjqghgkskqqgdgmgzplr, 66
1sixs, 16
ldqzccvqhznfrbthreeseven516gdzxb, 36
sixsrmspzp4ftrrv5three, 63
71onetwo, 72
9196hftrxbj2, 92
4jqszj91ninegvzrsctzl, 49
5threeeightfivexzfqfvthreendsqnfseven, 57
nxvfzcqlxg886, 86
6sevendsnsz, 67
nine79244onesevenone, 91
fiverhfvgn2sevenlcthqvfive, 55
dzsnvjzv326vtnmg, 36
lzbnsk3622fivenls, 35
sevenfive8zghpnineeightqxsjeightthree, 78
sevengxxxxgcdblnprdvpp8pctwofive, 75
gzbsp3rjfbjblktwohqslf, 32
lbfqczsrfiveghzgkdksqggkrjvtpczlrhtrms9, 59
one5brpbthbtrsix3, 13
sixgcqss52sjkm, 62
sixkbpmsjrdt86, 66
978, 98
cmvhrjtnl73hhlcq6, 76
two23ccxsnhfszxvcncv99, 29
eight4threeoneqtjksevenxzkqseven1, 81
89zzq, 89
dxtnzqprbxtcqdnnjjjzslpmxxxjzhlhzzdk18seven, 17
84sevensvkqxjssvrsrsevenvztvchnine, 89
7psfkscvgtwo4grpfhkbzxfive, 75
kdpjpbcgjcldrfkrnrone3, 13
77ninendlqsp, 79
5nine7, 57
six7mlhxjsevensevensix9, 69
qbnggfourtwohh1, 41
veightwohdfdqzbkfclkxjxqjgjqjseven4, 84
qlfourqtbj94vdlnb16, 46
dgmhlxqhz8ninetwo42, 82
nine45txjpkmhpccdkpmhqlzkvcvgmhs, 95
fourtwo6twonlrnt4, 44
4qjkkl, 44
6sdlcshk1five6onefive3, 63
five7z, 57
5ninedszgbvnbmsggqxxbsxkzptnfxfh1vbhgnnsd, 51
7mcdfjvthfivesix27, 77
four8six, 46
5ptvzjjlkbttwothreedbvc, 53
8threefivehlggnpccck5, 85
hvzrkrvvheight37, 87
2kqzgx2fxvqlfour28eight, 28
9lxlntmdksmfivesix4, 94
cjrone3four, 14
9qstctr8, 98
twojrnfgrgtbldrztnd5four, 24
54ninetwofhvgjntvxdvhszpfklbbxrppmtsrhdeightwodbb, 52
fournine2three2twomxlngklgs, 42
eightninefour9four16vhrvzcnhrf, 86
66mlkjff25jplqskbrvmdhlsz, 65
jrjnbqqzbqfivextmcjplnxb1twoeighttsh, 58
two9ssxpjb887, 27
crdzssp9, 99
two7kdxhhrxd8eight, 28
ninefbhhjxgcveighteighttwofive6, 96
ptqmngxdzd2, 22
pfcdvxjnvhfour1sixg, 46
eight1chshckfpnxdzf1cr, 81
bdbgr822mjsln2qvztrsnglxntdq, 82
six84j1bjtshnfmc, 61
seven4nineeight175ninenine, 79
968sbdfxkmrlcxj6, 96
854seven181lbrcv, 81
5sixcr9, 59
4fourdzfournine81, 41
twotwo686zqhkveighttwo8, 28
eight992lklcjtwothgl, 82
8eightfourxjjdtbeightpthtnhpb, 88
5vponeeightlsbxthfpzjseven, 57
fffbpvmkvntkhrdgxqfxjdglsqztd5, 55
three6f, 36
nine5163jbhpzbvjcg8, 98
bzkfgtqnmonetpjjtbc5nvtbndtdbx, 15
ndtsevenone3ndtljbnsixqxntsdslnnine, 76
8ffour283twonft, 82
tzdrstwo2jvnqvtjfsjzsldlfx3, 23
srxzlxgjpprcmt4mcljsix6eight, 48
fnm3oneightsdn, 38
fourgxsixthreenine1three1hcf, 41
sevenonesixnine78onerdone, 71
three3threexmtbzcjzrd, 33
mm6rvmbfvsgeighthzjkjnnqpsm, 68
fourfourtlqn1nine2, 42
3hg, 33
7smbmnrhpk, 77
mmxkkdztxklhhfivetwo9, 59
sixfive36jvtnsrscchgkg, 66
94fr5threesixone, 91
xf5threes, 53
xskoneightsixclzkkthree36three, 13
twocdjjccb7sixpcnz, 26
fjlqpshqpcdsixfive8mbjj, 68
x2nine33, 23
threevgxzlhdpnxpgrsp4tgp2lfive, 35
kmssbpb9fhzqhgqlsm2threethree, 93
sixcvfmgfx8xhfncrcqmptwovkqxjxddkdfnnkl, 62
foursevenl5sevenjlljthmqqp4, 44
nine249rhqxfmxktwofourdtqrpckbhtthree, 94
onetwo5871eight, 18
7dxrrnqrxgjxkvlzffourlgtqngmdlcfourllstsr, 74
eight8four7kfcqcvdffzlzsix, 86
qnvgz5jvvtpvnvfneight78, 58
five9six, 56
2jztl6lnxmcqsb95six, 26
qx1three7npjkznmhbp3seven, 17
ffive1onefour, 14
5lnhjfoureight, 58
5573htvcvhkhb, 53
998zfcsninejnjcgnkd, 99
five4kdcncpsevenjftzlxmqlzxlfour8, 58
pkxfxvhlsix5seven, 67
3sevenzxz, 37
4sixninesgctmxxxx, 49
26lrlphfive4pcpdsnlntjsixtlgjrddmkx, 26
hp49three48rkxmzv, 48
rjrllvt2twotwo16four4, 24
seven77dccfgqbf1, 71
qzxgztxgsbqjshthree7sevenhvsczkqllqoneone3, 33
eightqlnnine3, 83
hvtmzrcxx57gghsktwoqvxdzqfoureight, 58
7eight2qmvdg8fdrxfzbtcrsgmhl2lfqpx, 72
bkrbmrhvfsvm4, 44
ninenine6six, 96
gzkmgrvqckrgtjchgfsixninefvffrzzln4mphqtwo, 62
crprs2, 22
54tgzbrbqcljlfchpdt, 54
rm27two2jfpccv, 22
3447two3ltkbr, 33
9twothreeone4, 94
llndzmsbpsevenfivebbprclghvfrpm3, 73
nine7kglqppgccvgbbpffqhlkk, 97
5qkxvnchcjx8three1, 51
rkfmd5rnine, 59
sevenonehzrgeight82eight, 78
eight63lbkjztkcjhtdt1bseven, 87
7kcrzxddfsixfive28one9, 79
sxbmvvprh1hzcjhfg, 11
sixrtmzrcxb9, 69
9sevenhxkvrjz7seven8, 98
eight3nine, 89
1eight24seven7kctpgv, 17
4437, 47
8skmrkxc2, 82
six92onesix, 66
eighttngjnngzvvfive473five, 85
oneseven4, 14
56bsrhvjtvnine, 59
4two4seventwo4lnj2, 42
8mmpvxdqjnine2sevensevenf8eight, 88
eightnineone2six, 86
4fourn, 44
87six, 86
h6nine, 69
sixnnkxpxtwo394mtwo, 62
twobgqqjchb2hpjsvv, 22
snnbnf6fqtprsixmszrpvxzbxsevennmzxfive, 65
three3eightqxkbvxftj358, 38
fivefivefourfour8four3, 53
fivejmdpfourbgsdkmvqmf3xnbnm72, 52
9twosixthree12xgtcqx8seven, 97
3jnrjlbfdk4blmpfzrpp2ninenine, 39
3321fivesix, 36
1six4nnfvrxhz5kgqththreesix, 16
snkszmprd2cpjrvbhlcpfqrr18oneonebkrvcnk, 21
9fgj21nine1dtfdgm, 91
jh6tc7xz, 67
3one9, 39
8oneqtsgxrsbsnfjlfivenine, 89
5bcktzbvnjsvzmrlpr2dzhgqvgnine9, 59
4ghnqz, 44
7threeoneeightsevenjzqnlpsmlnfourgp1, 71
xfgxnvdxj1, 11
18ftwogtmbdgmc, 12
eight9gbnptk, 89
697threefive7three6, 66
96h6bmbttcmpm4, 94
cmgtwo3, 23
6sevenxxpxzbbsdg36oneonezptwo, 62
8fivedzpdqklxh54sljvfr92, 82
vg6rsevenjvrc77, 67
vqm55hdkzbfqsn, 55
8eight6, 86
nine4eight6fourthreezmnf7, 97
bxlsntdmthreeninetwomzjhcdzxbktwodzrlzkcc2qjn, 32
kztghlsgkfpkkpstfgjsxzvczpqxzchmd9, 99
five1krfeight7, 57
fourjh5mcmpxgkfrb9, 49
xrrh3xfgsflnh3, 33
csqpfhz9, 99
2nine1jxlrjx, 21
sixeight1gcpmqtvcp3five1fzpclbtbpn, 61
9twosix6zjnpskrtwofour, 94
eightnr9three3sevensix, 86
vtwoneone7ninefive, 25
sixdcmmtcgkmlbqlbmdcnztpseven7tbsrrbntnkeightfive, 65
xcjxjxlshj3four, 34
xbccvqgmt8eighteightninemgst, 89
fourfive938ninehkgsjxb, 49
zdoneightfive8, 18
four6five, 45
2fivefncninethree3kdc1rg, 21
threef2threefivezfnnn, 35
cmtsnssneightthree4, 84
nine64rfnvff4krtrqskx2, 92
414dzfxfkqkf9onefourmdxh, 44
ninenbdkxcbjlsix7, 97
69hqfour2eightsix, 66
vkpcznjlktxthreenine5zgtxknjpcone, 31
six4nzvnplntzthbk, 64
799, 79
poneightnthnsmkrsixgqvmzoneninetwo7, 17
9seven3eight, 98
seven834eightvqdrgkxnfsdqbnfgxzvg, 78
qgxlnprzl4six, 46
fourtwozdflbcvkkp3four2qnmxvdqz, 42
8ndrb45, 85
five2gnrgdxbspqlplxtbcnn, 52
drnrzgjsrq1, 11
onensdmddvsd2skbrtwosevenfzvkpnh, 17
4mrbkjvdz, 44
nphlsgmhmmzkmx79, 79
hknkxl83twossqxcbpd, 82
7nqjkmmninekmhsix1jqq5, 75
zvnmvfivesixeighttvpqnjzjsnbqdsj5foureight, 58
fivepr6, 56
one5mcbonexqbhnqtcrcsix, 16
9fourbmbhfkoneone, 91
78khztltsevensix, 76
1jmnpnjtxhcthreec924, 14
xptwo1, 21
6twogblptvrxfourxmtffqcbhx27six, 66
kbksdcgnseventwofphftkxcjlzdld4seven, 77
threeninevmqjrp668bjqsixnine, 39
hrllthree2onenmnrbljfxssmthree1, 31
3mxm, 33
four1fp7d78nine, 49
3eight1five59nine7, 37
eightmqhp79two7eight, 88
dkvjxhxl8twoeightwog, 82
sevennzszzpcvqscttx92njhpgmhfctseven, 77
six68, 68
rqhjlt88sixtqscbgx, 86
8fivethree2dxjczsqeightone, 81
fsqlrhprtbgsdz3ftrjvtqnjnine, 39
64onevbtdmq5cssxhvd434, 64
qllvxktqzkmchqthreektnpbtjnd6lfsthvrnq, 36
7ctpnhpslzzcdtpnine8one7three, 73
2one5581, 21
1six2twonecrb, 11
245ninefive8, 28
9eight335, 95
1eightfive, 15
dqljgrtgvbsix1gxjbptbhspknrzninesixone, 61
seven9dcthree, 73
8eight3plkczntneightq95ll, 85
fnnvpn9five2onexbvmjcfour18, 98
twoseventwosjmnnx5four, 24
2dlpfdd, 22
lxdxfngzsixseven47qcf, 67
3ctpdv8prmhmpjbbmlsjrdcrb4nlfmklpxj9, 39
nine4ghsbstrhkp, 94
hgmggcrfmqbjrsjvhm142, 12
lzkj2mqbfdvcxqbthree, 23
1xeightpcht7mn, 17
94vgrkqdbcsixninefour95x, 95
foursevenvzmfd5bqddnn3twoxrcnhqsm, 42
bfcrq4lfsbbjqrmseven, 47
hcntfdqcnxqfvjvl7jfppmbltwo, 72
four35cmvsixfivenineqgt8, 48
ninefive1mpzdcrhmkzhqpdmjcb, 91
8qtmxncgvr73, 83
bktrlrqvvz68clbz2seven6four, 64
nsqhqgxjcsixzldhvcnnfivenqz2, 62
8eight5np, 85
6grqzz6sevenonep, 61
2fivenbcpmrhxfour15, 25
2hhfhjjzgxz787, 27
xdzf595, 55
nine8qslr, 98
n241nxdkskzsevenone, 21
25ksx49lrcroneightz, 28
9fourone41sevenonefive9, 99
8fiveninefivenine58, 88
nine92pzm, 92
cbsdbjxmjkjld62fdqcrthreegdnlhhbfc, 63
1mtpthreebshnseven, 17
1mbkhbjbsmpc9three5, 15
8lqxq27mfkgvkblrlpgvnine, 89
lzb21vmchthree7sevenfour, 24
5hxseven7jhsqlsftml, 57
tsmvj58zone49, 59
kkmlxnnn4nlbvxsbnlhkjvv7, 47
5lprvntnlonendrjqthree6rrhl, 56
htlpb9, 99
fxqgpzgktwojmnlsix4rhffkxcrgv5, 25
dxdddnprdnvjscqsmqsixsixfive4, 64
3threeeightdtwo1967, 37
5clzsqqhn6, 56
gfkqsfour747, 47
dgfdskvk6, 66
6four7six5threeqgvjdg6eight, 68
8eighteight, 88
28456eightwojbg, 22
two8l, 28
lqzthfhzfour4qsggmhhrcbldhhpq, 44
rlvrxninethree4, 94
n6sevensixtwo, 62
2s5sixxfhhnmpjtseven, 27
three9three, 33
eight91dgfnqjffkdxcmljvfrmh4, 84
twothree5, 25
6sevens7, 67
8six9mnksevenkm2fdhhqvfhscqs, 82
twotwoeightsixone24, 24
rhqnssh2nine, 29
dhdtxxcndninethree9, 99
hvvfzxfivemb3, 53
dgbgglhmtnkrpq4four51dlpcfivefour, 44
4qcqhrshncqseven9kvq6hmghcbfl, 46
x3qvkxmh3m7, 37
cqqlrjkjbrggmccctbjzcjqktfngmmkftddponemqj17, 17
fivesixfoursksxqmqrmseven5, 55
fivethreepxnxtgpgmrtwo1, 51
5threenine, 59
9five4plblgvnfcfoursixmsgfive, 95
cqjsfxvcfdseightfour9g857, 87
fourthree7onegpmlrrkmtj881, 41
gjdvx1fourseven, 17
lcvhmlzplhgvmnhcgthree8xdtvrck9, 39
four26, 46
qnvrspvpvqsv3xfbzrrjjnsevenvvdzknkqcmbpdlg, 37
22611zfive, 25
ninegbsscnbtcnzhsevenfmfvmv3lrbthree3, 93
two76, 26
xhn19qninehqtbvrsdfour, 14
fourk4cqtggvjseven, 47
threecflx6xllnd, 36
dknmdpcqfivelvppbtone3, 53
6dnzxninebdldgsphsppzjzpgbklbbf9gcdc, 69
587cdbcb2mspbgbl, 52
twojkblghsctseven8eight, 28
2xmdmtgcjhd8eighttwo, 28
nine6qpfzxhsdsfour9, 99
9rvqhjvmh7kcvnineccn9rzpzs, 99
tbsxkhhv6twozrtczg6seven, 67
ccpeightbcvknglvcv81gcjnlnfnine9, 89
4twoscpht, 42
qdgdrtx9onefourdcvctldjnpcdjbc, 94
cjxkxsgmql4xxgjtpdcbmsixeight, 48
739, 79
